Dogae,Dog,Animalia
Dogae,Dog,Animalia
Dogae,Dog,Animalia
Dogae,Dog,Animalia
Dogae,Dog,Animalia
Dogae,Dog,Animalia
Dogae,Dog,Animalia
Dogae,Dog,Animalia
Dogae,Dog,Animalia
Dogae,Dog,Animalia
Dogae,Dog,Animalia
Dogae,Dog,Animalia
Dogae,Dog,Animalia
Catus,Cat,Animalia
Catus,Cat,Animalia
Catus,Cat,Animalia
Chungus,Chung,Animalia
Chungus,Chung,Animalia
Chungus,Chung,Animalia
Chungus,Chung,Animalia
Chungus,Chung,Animalia
Chungus,Chung,Animalia
Chungus,Chung,Animalia
Chungus,Chung,Animalia
Chungus,Chung,Animalia
Chungus,Chung,Animalia
Chungus,Chung,Animalia
Chungus,Chung,Animalia
Chungus,Chung,Animalia
Chungus,Chung,Animalia
Chungus,Chung,Animalia
Chungus,Chung,Animalia
Chungus,Chung,Animalia
Chungus,Chung,Animalia
Chungus,Chung,Animalia
Chungus,Chung,Animalia
Chungus,Chung,Animalia
Chungus,Chung,Animalia
Chungus,Chung,Animalia
Chungus,Chung,Animalia
Chungus,Chung,Animalia
Chungus,Chung,Animalia
Chungus,Chung,Animalia
Chungus,Chung,Animalia
Chungus,Chung,Animalia
Chungus,Chung,Animalia
Chungus,Chung,Animalia
Chungus,Chung,Animalia
Chungus,Chung,Animalia
Chungus,Chung,Animalia
Chungus,Chung,Animalia
Chungus,Chung,Animalia
Chungus,Chung,Animalia
Chungus,Chung,Animalia
Chungus,Chung,Animalia
Chungus,Chung,Animalia
Chungus,Chung,Animalia
Chungus,Chung,Animalia
Chungus,Chung,Animalia
Chungus,Chung,Animalia
Chungus,Chung,Animalia
Chungus,Chung,Animalia
Chungus,Chung,Animalia
Chungus,Chung,Animalia
Chungus,Chung,Animalia
Chungus,Chung,Animalia
Chungus,Chung,Animalia
Chungus,Chung,Animalia
Chungus,Chung,Animalia
Chungus,Chung,Animalia
Chungus,Chung,Animalia
Chungus,Chung,Animalia
Chungus,Chung,Animalia
Chungus,Chung,Animalia
Chungus,Chung,Animalia
Chungus,Chung,Animalia
Chungus,Chung,Animalia
Chungus,Chung,Animalia
Chungus,Chung,Animalia
Jaysonus,Jayson,Plantae
Jaysonus,Jayson,Plantae
Jaysonus,,Plantae
Williamus,William,Bacteria
Williamus,William,Bacteria
Williamus,William,Bacteria
Pencilus,Pencil,Plantae
Acer,Tree,Plantae
Acer,Tree,Plantae
Acer,Tree,Plantae
Acer,Tree,Plantae
Acer,Tree,Plantae
Testus,Test,TestKingdom
Testus,Test,TestKingdom
Testus,Test,TestKingdom
Testus,Test,TestKingdom
Testus,Test,TestKingdom
Testus,Test,TestKingdom
Testus,Test,TestKingdom
Testus,Test,TestKingdom
Testus,Test,TestKingdom